MolName,apol,TopoPSA,nRotB,SC-3,SC-4,SC-5,SC-6,VC-3,VC-4,VC-5,VC-6,SPC-4,SPC-5,SPC-6,VPC-4,VPC-5,VPC-6,fragC,FMF,bpol,HybRatio,ECCEN,SCH-3,SCH-4,SCH-5,SCH-6,SCH-7,VCH-3,VCH-4,VCH-5,VCH-6,VCH-7,SP-0,SP-1,SP-2,SP-3,SP-4,SP-5,SP-6,SP-7,VP-0,VP-1,VP-2,VP-3,VP-4,VP-5,VP-6,VP-7,SsLi,SssBe,SssssBem,SsBH2,SssBH,SsssB,SssssBm,SsCH3,SdCH2,SssCH2,StCH,SdsCH,SaaCH,SsssCH,SddC,StsC,SdssC,SaasC,SaaaC,SssssC,SsNH3p,SsNH2,SssNH2p,SdNH,SssNH,SaaNH,StN,SsssNHp,SdsN,SaaN,SsssN,SddsN,SaasN,SssssNp,SsOH,SdO,SssO,SaaO,SaOm,SsOm,SsF,SsSiH3,SssSiH2,SsssSiH,SssssSi,SsPH2,SssPH,SsssP,SdsssP,SddsP,SsssssP,SsSH,SdS,SssS,SaaS,SdssS,SddssS,SssssssS,SSm,SsCl,SsGeH3,SssGeH2,SsssGeH,SssssGe,SsAsH2,SssAsH,SsssAs,SdsssAs,SddsAs,SsssssAs,SsSeH,SdSe,SssSe,SaaSe,SdssSe,SssssssSe,SddssSe,SsBr,SsSnH3,SssSnH2,SsssSnH,SssssSn,SsI,SsPbH3,SssPbH2,SsssPbH,SssssPb,sumI,meanI,hmax,gmax,hmin,gmin,LipoaffinityIndex,MAXDN,MAXDP,DELS,MAXDN2,MAXDP2,DELS2
CC(C)(C1=C(C=CC=C1)N2C3=CC=C(C=C3)C4=NC=C(C=N4)C5=CN=C(N=C5)C6=CC=C(N7C8=C(C(C9=C7C=CC=C9)(C)C)C=CC=C8)C=C6)C%10=C2C=CC=C%10,121.27172000000006,58.040000000000006,5,4.392658335344322,0.3333333333333333,1.7507404602344407,0.2721655269759087,2.741081955050283,0.25,0.8148145016125172,0.1443375672974064,11.589955962938143,20.51227726853067,31.566401582631613,5.629450649116391,8.198091665030043,10.645084448437144,7945.06,0.9285714285714286,52.96827999999999,0.12,2650,0.0,0.0,0.0,0.7308166965766252,1.090797717363852,0.0,0.0,0.0,0.2279508497187474,0.3256291126503184,38.01972184338276,27.28599284284529,25.71609327783961,23.432476475760986,20.93746980927536,18.324481932269293,13.461422668747897,10.79600391542398,31.849089110309283,19.12569956171802,15.673857432680926,11.677605892582976,8.666103861323522,6.306684856375087,3.923381839449918,2.541106732360701,0.0,0.0,0.0,0.0,0.0,0.0,0.0,9.223343659137168,0.0,0.0,0.0,59.20548834036242,0.0,0.0,0.0,0.0,17.216864917456803,0.0,0.0,-0.1885386523982977,0.0,0.0,0.0,0.0,0.0,0.0,0.0,0.0,18.996857303463752,0.0,4.712651098644834,0.0,0.0,0.0,0.0,0.0,0.0,0.0,0.0,0.0,0.0,0.0,0.0,0.0,0.0,0.0,0.0,0.0,0.0,0.0,0.0,0.0,0.0,0.0,0.0,0.0,0.0,0.0,0.0,0.0,0.0,0.0,0.0,0.0,0.0,0.0,0.0,0.0,0.0,0.0,0.0,0.0,0.0,0.0,0.0,0.0,0.0,0.0,0.0,0.0,0.0,0.0,0.0,0.0,0.0,0.0,0.0,109.16666666666669,1.9494047619047623,0.643186295351474,4.749214325865938,-0.0781467333337107,-0.0942693261991489,18.088251272849742,1.344269326199149,1.7492143258659385,25.51319940020335,1.344269326199149,1.7492143258659385,25.51319940020335
