MolName,apol,TopoPSA,nRotB,SC-3,SC-4,SC-5,SC-6,VC-3,VC-4,VC-5,VC-6,SPC-4,SPC-5,SPC-6,VPC-4,VPC-5,VPC-6,fragC,FMF,bpol,HybRatio,ECCEN,SCH-3,SCH-4,SCH-5,SCH-6,SCH-7,VCH-3,VCH-4,VCH-5,VCH-6,VCH-7,SP-0,SP-1,SP-2,SP-3,SP-4,SP-5,SP-6,SP-7,VP-0,VP-1,VP-2,VP-3,VP-4,VP-5,VP-6,VP-7,SsLi,SssBe,SssssBem,SsBH2,SssBH,SsssB,SssssBm,SsCH3,SdCH2,SssCH2,StCH,SdsCH,SaaCH,SsssCH,SddC,StsC,SdssC,SaasC,SaaaC,SssssC,SsNH3p,SsNH2,SssNH2p,SdNH,SssNH,SaaNH,StN,SsssNHp,SdsN,SaaN,SsssN,SddsN,SaasN,SssssNp,SsOH,SdO,SssO,SaaO,SaOm,SsOm,SsF,SsSiH3,SssSiH2,SsssSiH,SssssSi,SsPH2,SssPH,SsssP,SdsssP,SddsP,SsssssP,SsSH,SdS,SssS,SaaS,SdssS,SddssS,SssssssS,SSm,SsCl,SsGeH3,SssGeH2,SsssGeH,SssssGe,SsAsH2,SssAsH,SsssAs,SdsssAs,SddsAs,SsssssAs,SsSeH,SdSe,SssSe,SaaSe,SdssSe,SssssssSe,SddssSe,SsBr,SsSnH3,SssSnH2,SsssSnH,SssssSn,SsI,SsPbH3,SssPbH2,SsssPbH,SssssPb,sumI,meanI,hmax,gmax,hmin,gmin,LipoaffinityIndex,MAXDN,MAXDP,DELS,MAXDN2,MAXDP2,DELS2
N#Cc9nc(c4ccc(n3c1ccccc1oc2ccccc23)cc4)c(c8ccc(n7c5ccccc5oc6ccccc67)cc8)nc9C#N,98.127032,98.3,4,2.7053854698166147,0.0,0.8396919751144689,0.0,1.145049211934298,0.0,0.2249433836318017,0.0,8.025658245368499,14.612132319932376,23.210880198493143,2.701407799822364,4.058148114547568,5.302950090872589,4274.08,0.92,37.98896799999999,0.0,1740,0.0,0.0,0.0,0.6462773978808585,1.0722982896247892,0.0,0.0,0.0,0.2019884398960486,0.2367898124745861,33.60550828100968,24.6953357811002,21.94515965613613,20.40788156747079,18.3877181415009,16.690879991754674,12.24858857100635,9.93253968155277,26.356184614478497,15.951913640777816,11.681232149466444,8.769970862486645,6.496193118645961,4.8290697007930445,2.836195580454276,1.8948770137516824,0.0,0.0,0.0,0.0,0.0,0.0,0.0,0.0,0.0,0.0,0.0,47.62110373561669,0.0,0.0,0.0,4.109196047317856,11.094709483500212,0.0,0.0,0.0,0.0,0.0,0.0,0.0,0.0,0.0,19.771283641392422,0.0,9.375596774624553,0.0,4.314843429475603,0.0,0.0,0.0,0.0,0.0,12.37993355473934,0.0,0.0,0.0,0.0,0.0,0.0,0.0,0.0,0.0,0.0,0.0,0.0,0.0,0.0,0.0,0.0,0.0,0.0,0.0,0.0,0.0,0.0,0.0,0.0,0.0,0.0,0.0,0.0,0.0,0.0,0.0,0.0,0.0,0.0,0.0,0.0,0.0,0.0,0.0,0.0,0.0,0.0,0.0,0.0,0.0,0.0,0.0,0.0,0.0,0.0,108.66666666666669,2.1733333333333333,0.6694410168605245,9.885641820696211,-0.2014377404082599,-0.0236005120908413,12.283204514713876,1.690267178757508,3.88564182069621,34.02209416132207,1.690267178757508,3.88564182069621,34.02209416132207
