MolName,apol,TopoPSA,nRotB,SC-3,SC-4,SC-5,SC-6,VC-3,VC-4,VC-5,VC-6,SPC-4,SPC-5,SPC-6,VPC-4,VPC-5,VPC-6,fragC,FMF,bpol,HybRatio,ECCEN,SCH-3,SCH-4,SCH-5,SCH-6,SCH-7,VCH-3,VCH-4,VCH-5,VCH-6,VCH-7,SP-0,SP-1,SP-2,SP-3,SP-4,SP-5,SP-6,SP-7,VP-0,VP-1,VP-2,VP-3,VP-4,VP-5,VP-6,VP-7,SsLi,SssBe,SssssBem,SsBH2,SssBH,SsssB,SssssBm,SsCH3,SdCH2,SssCH2,StCH,SdsCH,SaaCH,SsssCH,SddC,StsC,SdssC,SaasC,SaaaC,SssssC,SsNH3p,SsNH2,SssNH2p,SdNH,SssNH,SaaNH,StN,SsssNHp,SdsN,SaaN,SsssN,SddsN,SaasN,SssssNp,SsOH,SdO,SssO,SaaO,SaOm,SsOm,SsF,SsSiH3,SssSiH2,SsssSiH,SssssSi,SsPH2,SssPH,SsssP,SdsssP,SddsP,SsssssP,SsSH,SdS,SssS,SaaS,SdssS,SddssS,SssssssS,SSm,SsCl,SsGeH3,SssGeH2,SsssGeH,SssssGe,SsAsH2,SssAsH,SsssAs,SdsssAs,SddsAs,SsssssAs,SsSeH,SdSe,SssSe,SaaSe,SdssSe,SssssssSe,SddssSe,SsBr,SsSnH3,SssSnH2,SsssSnH,SssssSn,SsI,SsPbH3,SssPbH2,SsssPbH,SssssPb,sumI,meanI,hmax,gmax,hmin,gmin,LipoaffinityIndex,MAXDN,MAXDP,DELS,MAXDN2,MAXDP2,DELS2
CC(C)(C)c6ccc5OC7=CC(N3c1ccccc1C(C)(C)c2ccccc23)=CC8Oc4ccc(C(C)(C)C)cc4B(c5c6)C78,105.89930600000004,21.700000000000003,3,5.878109525700652,0.7440169358562925,1.9913483878630645,0.4247578980827672,4.4312259544636525,0.625,1.033665110127977,0.2388354503153699,11.362532666568397,18.57910746846876,29.30380962172307,6.323405573026759,8.459131111179971,11.081011931346977,6856.04,0.7777777777777778,55.53669399999999,0.3170731707317073,1142,0.0,0.0,0.0,0.4811018429904586,1.0357067156402615,0.0,0.0,0.0,0.1820734810941298,0.3439042915442555,31.465526368391863,21.319666347656508,22.48594673540679,18.57281506127787,16.706009675794643,15.354775764202996,12.711386538551055,10.596735484859558,27.73336529103058,16.381714178714553,15.826140720675903,10.4741628387581,7.913416876448672,6.191998119079559,4.368892729316912,3.143312015603162,0.0,0.0,0.0,0.0,0.0,0.1351959981523469,0.0,18.37016869700006,0.0,0.0,0.0,35.922393064406364,0.0,-0.1207438770261193,0.0,0.0,14.201820534159758,0.0,0.0,-0.0433635277195372,0.0,0.0,0.0,0.0,0.0,0.0,0.0,0.0,0.0,0.0,2.4139886726295456,0.0,0.0,0.0,0.0,0.0,13.87054043839758,0.0,0.0,0.0,0.0,0.0,0.0,0.0,0.0,0.0,0.0,0.0,0.0,0.0,0.0,0.0,0.0,0.0,0.0,0.0,0.0,0.0,0.0,0.0,0.0,0.0,0.0,0.0,0.0,0.0,0.0,0.0,0.0,0.0,0.0,0.0,0.0,0.0,0.0,0.0,0.0,0.0,0.0,0.0,0.0,0.0,0.0,0.0,0.0,0.0,0.0,84.75,1.8833333333333333,0.894017148526077,6.966520219198791,-0.592874110292265,-0.1678788737717311,15.929786027793892,1.5012122071050644,3.4665202191987907,27.154181744867103,1.5012122071050644,3.4665202191987907,27.154181744867103
