MolName,apol,TopoPSA,nRotB,SC-3,SC-4,SC-5,SC-6,VC-3,VC-4,VC-5,VC-6,SPC-4,SPC-5,SPC-6,VPC-4,VPC-5,VPC-6,fragC,FMF,bpol,HybRatio,ECCEN,SCH-3,SCH-4,SCH-5,SCH-6,SCH-7,VCH-3,VCH-4,VCH-5,VCH-6,VCH-7,SP-0,SP-1,SP-2,SP-3,SP-4,SP-5,SP-6,SP-7,VP-0,VP-1,VP-2,VP-3,VP-4,VP-5,VP-6,VP-7,SsLi,SssBe,SssssBem,SsBH2,SssBH,SsssB,SssssBm,SsCH3,SdCH2,SssCH2,StCH,SdsCH,SaaCH,SsssCH,SddC,StsC,SdssC,SaasC,SaaaC,SssssC,SsNH3p,SsNH2,SssNH2p,SdNH,SssNH,SaaNH,StN,SsssNHp,SdsN,SaaN,SsssN,SddsN,SaasN,SssssNp,SsOH,SdO,SssO,SaaO,SaOm,SsOm,SsF,SsSiH3,SssSiH2,SsssSiH,SssssSi,SsPH2,SssPH,SsssP,SdsssP,SddsP,SsssssP,SsSH,SdS,SssS,SaaS,SdssS,SddssS,SssssssS,SSm,SsCl,SsGeH3,SssGeH2,SsssGeH,SssssGe,SsAsH2,SssAsH,SsssAs,SdsssAs,SddsAs,SsssssAs,SsSeH,SdSe,SssSe,SaaSe,SdssSe,SssssssSe,SddssSe,SsBr,SsSnH3,SssSnH2,SsssSnH,SssssSn,SsI,SsPbH3,SssPbH2,SsssPbH,SssssPb,sumI,meanI,hmax,gmax,hmin,gmin,LipoaffinityIndex,MAXDN,MAXDP,DELS,MAXDN2,MAXDP2,DELS2
N#CC1=C(C2=CC=CC=C2)C(C#N)=C(N3C4=CC=CC=C4C5=C3C=CC=C5)N=C1N6C7=CC=CC=C7C8=C6C=CC=C8,84.62265300000001,70.33000000000001,3,2.132993161855452,0.0,0.8628873693012117,0.0,1.029510756550297,0.0,0.2828353216867832,0.0,6.979885678940368,14.198048227598225,23.369313707112106,2.7251145471372213,4.487826934410665,5.980695564334575,3178.05,0.9047619047619048,29.557346999999996,0.0,931,0.0,0.0,0.1283000598199168,0.9177177704872364,1.5327015807461108,0.0,0.0,0.0559016994374947,0.3142118455177919,0.4321107452432478,28.208167055511144,20.796356295533847,18.286423273002985,17.335609323883393,16.501312384243622,15.00975632581025,11.290227859408263,9.398258431118538,22.36042363048194,13.706152656781256,10.213065822894794,8.028849324863316,6.291073487736948,4.6829252822224525,2.8569827968618284,1.966651171826972,0.0,0.0,0.0,0.0,0.0,0.0,0.0,0.0,0.0,0.0,0.0,42.366389687519735,0.0,0.0,0.0,4.916441484001008,11.118333377581216,0.0,0.0,0.0,0.0,0.0,0.0,0.0,0.0,0.0,21.537927004186024,0.0,5.266870275888133,0.0,4.127371504157218,0.0,0.0,0.0,0.0,0.0,0.0,0.0,0.0,0.0,0.0,0.0,0.0,0.0,0.0,0.0,0.0,0.0,0.0,0.0,0.0,0.0,0.0,0.0,0.0,0.0,0.0,0.0,0.0,0.0,0.0,0.0,0.0,0.0,0.0,0.0,0.0,0.0,0.0,0.0,0.0,0.0,0.0,0.0,0.0,0.0,0.0,0.0,0.0,0.0,0.0,0.0,0.0,0.0,0.0,0.0,0.0,89.33333333333334,2.1269841269841274,0.5586111111111112,10.768963502093012,-0.2220925453514738,0.3553457000083981,10.9094592917667,1.3113209666582686,4.768963502093013,25.22927439290173,1.3113209666582686,4.768963502093013,25.22927439290173
